subreddit,n_posts,n_edges,density,avg_clustering
SuicideWatch,2625,60,0.15873015873015872,0.19472789115646258
ADHD,2623,63,0.16666666666666666,0.2100907029478458
mentalhealth,2525,63,0.16666666666666666,0.2221938775510204
depression,2505,57,0.15079365079365079,0.2101190476190476
Anxiety,2395,54,0.14285714285714285,0.261525974025974
BPD,2390,68,0.17989417989417988,0.2365362811791383
OCD,2268,64,0.1693121693121693,0.24886621315192745
autism,2265,66,0.1746031746031746,0.1937074829931973
bipolar,2187,69,0.18253968253968253,0.24812925170068026
socialanxiety,1911,61,0.16137566137566137,0.2679138321995465
ptsd,1874,65,0.17195767195767195,0.25637755102040816
BipolarReddit,1829,66,0.1746031746031746,0.291921768707483
decidingtobebetter,1801,63,0.16666666666666666,0.21867913832199545
aspergers,1777,64,0.1693121693121693,0.18239795918367346
addiction,1748,66,0.1746031746031746,0.20830241187384044
selfhelp,1624,57,0.15079365079365079,0.23715986394557823
eating_disorders,937,57,0.15079365079365079,0.2750566893424036
getting_over_it,893,62,0.164021164021164,0.2346655328798186
