emotion1,emotion2,weight
admiration,joy,0.05683947782437105
admiration,nervousness,0.1052791416668434
amusement,grief,0.057643748569559644
amusement,joy,0.1452308573513296
anger,annoyance,0.5311161104296936
anger,disgust,0.4717104310889996
anger,grief,0.0768847101492733
anger,nervousness,0.06615459004248946
anger,optimism,0.05785378100304372
anger,realization,0.1630812531501627
annoyance,disappointment,0.11858133264864691
annoyance,disapproval,0.13196381480925992
annoyance,disgust,0.07739736673175261
annoyance,embarrassment,0.07583673172962897
annoyance,grief,0.10426085606227767
annoyance,relief,0.06007146603801562
caring,disgust,0.1372703411075004
caring,grief,0.08642257290207002
caring,optimism,0.08143724975133222
caring,relief,0.16802136400037987
caring,remorse,0.11892972057881668
confusion,curiosity,0.6104591646606357
confusion,grief,0.05350024288415262
confusion,nervousness,0.06211997919489791
confusion,pride,0.05301959983607092
confusion,relief,0.09822337341873788
curiosity,disappointment,0.05568701038898236
curiosity,relief,0.053522614997454095
curiosity,surprise,0.09915813803172543
desire,embarrassment,0.07805694973943356
desire,love,0.09223158175697999
desire,optimism,0.48136355561159616
desire,relief,0.062089100644257905
desire,surprise,0.06108804735960794
disappointment,disapproval,0.19364920155183069
disappointment,embarrassment,0.08591810863080408
disappointment,gratitude,0.059469220952737246
disappointment,nervousness,0.10280459683977822
disappointment,sadness,0.4952903244631086
disapproval,disgust,0.06220639446294801
disgust,embarrassment,0.31340299265223587
disgust,fear,0.07195912756847203
disgust,optimism,0.06075987931624976
embarrassment,grief,0.0840076078950193
embarrassment,realization,0.1030052134892269
embarrassment,remorse,0.2968487752667908
excitement,joy,0.3056763818806688
fear,grief,0.06646024381769625
fear,nervousness,0.7236435318724241
fear,sadness,0.12805884170403378
gratitude,relief,0.20497611137228847
grief,remorse,0.11577643318154736
grief,sadness,0.4827732263145133
joy,love,0.16946142024291264
joy,relief,0.32664092759462476
nervousness,pride,0.07223487061246812
nervousness,realization,0.10347363411350266
nervousness,sadness,0.20456151694354388
pride,relief,0.09034695704583098
remorse,sadness,0.27665780621335817
