,admiration,amusement,anger,annoyance,approval,caring,confusion,curiosity,desire,disappointment,disapproval,disgust,embarrassment,excitement,fear,gratitude,grief,joy,love,nervousness,optimism,pride,realization,relief,remorse,sadness,surprise,neutral
admiration,0.0,0.0,-0.0,-0.0,0.0,0.0,-0.0,-0.0,0.0,-0.0,-0.0,-0.0,-0.0,0.0,-0.0,0.0,0.0,0.05683947782437105,0.013265966058830373,-0.1052791416668434,0.0,0.0,-0.0,0.0,-0.0,-0.0,0.0,-0.0
amusement,0.0,0.0,-0.0,0.0,0.0,-0.0,-0.0,-0.0,-0.0,-0.0,-0.0,0.0,0.0,0.0,0.0,0.0,-0.057643748569559644,0.1452308573513296,0.0,-0.0,0.0,0.0,0.0,0.0,-0.0,-0.0,0.0,-0.0
anger,-0.0,-0.0,0.0,0.5311161104296936,-0.0,-0.0,-0.026286175219828935,-0.0,0.0,0.0,0.0,0.4717104310889996,0.0,-0.0,-0.0,-0.0,0.0768847101492733,-0.0,-0.0,-0.06615459004248946,-0.05785378100304372,-0.0,-0.1630812531501627,-0.049198824629225084,-0.040059987597026024,0.0,-0.0,-0.0
annoyance,-0.0,0.0,0.5311161104296936,0.0,-0.0,-0.019288824910776967,0.0,-0.0,-0.0,0.11858133264864691,0.13196381480925992,0.07739736673175261,0.07583673172962897,-0.0,-0.008432988977582762,-0.00502216262477209,-0.10426085606227767,-0.009830994959797074,-0.02876817141139705,-0.0,-0.0,-0.0,0.0,-0.06007146603801562,-0.014161200360340232,0.0,-0.0,-0.0
approval,0.0,0.0,-0.0,-0.0,0.0,0.0,-0.0,-0.0,0.0,-0.0,-0.0,-0.0,-0.0,0.0,-0.0,0.0,-0.023765876493979425,0.0,0.0,-0.0,0.0,0.0,0.0,0.0,0.0,-0.0,-0.0,-0.0
caring,0.0,-0.0,-0.0,-0.019288824910776967,0.0,0.0,-0.0,-0.0,0.0,-0.0,-0.0,-0.1372703411075004,-0.0,-0.0,0.0,0.021343819177920297,0.08642257290207002,0.0,0.03857489394662597,0.024641030094565877,0.08143724975133222,0.0,-0.0,0.16802136400037987,0.11892972057881668,0.0,-0.0,-0.0
confusion,-0.0,-0.0,-0.026286175219828935,0.0,-0.0,-0.0,0.0,0.6104591646606357,-0.04756493350075023,-0.0,0.0,-0.0,0.0,-0.0,0.0,-0.0,-0.05350024288415262,-0.0,-0.0,0.06211997919489791,-0.0,-0.05301959983607092,0.0,-0.09822337341873788,-0.0,-0.0,0.0,0.0
curiosity,-0.0,-0.0,-0.0,-0.0,-0.0,-0.0,0.6104591646606357,0.0,-0.0,-0.05568701038898236,-0.0,-0.009591512952344835,-0.0033354843081221147,0.0,0.0,-0.0,0.0,-0.0,-0.0,-0.0,-0.0,-0.0,-0.0,-0.053522614997454095,-0.02069530850098239,-0.0005402561582495113,0.09915813803172543,0.0
desire,0.0,-0.0,0.0,-0.0,0.0,0.0,-0.04756493350075023,-0.0,0.0,0.0,-0.0,-0.011870962194646792,-0.07805694973943356,0.005287544177407114,-0.0,0.0,0.0,0.003314908202270603,0.09223158175697999,-0.0,0.48136355561159616,0.007853852092410149,-0.0,0.062089100644257905,0.0,0.0,-0.06108804735960794,-0.0
disappointment,-0.0,-0.0,0.0,0.11858133264864691,-0.0,-0.0,-0.0,-0.05568701038898236,0.0,0.0,0.19364920155183069,0.0,0.08591810863080408,-0.0,-0.04035699686379578,-0.059469220952737246,-0.0,-0.0,-0.0,0.10280459683977822,-0.0,0.0,0.0,-0.0,0.0,0.4952903244631086,-0.0,-0.0
disapproval,-0.0,-0.0,0.0,0.13196381480925992,-0.0,-0.0,0.0,-0.0,-0.0,0.19364920155183069,0.0,0.06220639446294801,0.0,-0.0,-0.0,-0.0,-0.0,-0.0,-0.0,0.0,-0.0,-0.0,0.0,-0.0,0.0,0.0,-0.0,-0.0
disgust,-0.0,0.0,0.4717104310889996,0.07739736673175261,-0.0,-0.1372703411075004,-0.0,-0.009591512952344835,-0.011870962194646792,0.0,0.06220639446294801,0.0,0.31340299265223587,-0.0,0.07195912756847203,-0.0,0.0,-0.0,-0.0,-0.0,-0.06075987931624976,-0.0,-0.0,-0.0005544474915102332,-0.0,-0.0,0.0,-0.0
embarrassment,-0.0,0.0,0.0,0.07583673172962897,-0.0,-0.0,0.0,-0.0033354843081221147,-0.07805694973943356,0.08591810863080408,0.0,0.31340299265223587,0.0,-0.03180903605039222,-0.0,-0.0,-0.0840076078950193,-0.0,-0.0017652178440340544,0.046304375203137814,-0.0,0.0,0.1030052134892269,-0.0,0.2968487752667908,0.0,0.0,-0.0
excitement,0.0,0.0,-0.0,-0.0,0.0,-0.0,-0.0,0.0,0.005287544177407114,-0.0,-0.0,-0.0,-0.03180903605039222,0.0,-0.0,0.0,-0.0,0.3056763818806688,0.0,-0.0,0.0,0.0,-0.0,0.0,-0.0,-0.03465069126454566,0.0,-0.0
fear,-0.0,0.0,-0.0,-0.008432988977582762,-0.0,0.0,0.0,0.0,-0.0,-0.04035699686379578,-0.0,0.07195912756847203,-0.0,-0.0,0.0,-0.0,0.06646024381769625,-0.0,-0.0,0.7236435318724241,0.0,-0.037762166745192886,-0.0,-0.0,-0.0,-0.12805884170403378,0.0,-0.0
gratitude,0.0,0.0,-0.0,-0.00502216262477209,0.0,0.021343819177920297,-0.0,-0.0,0.0,-0.059469220952737246,-0.0,-0.0,-0.0,0.0,-0.0,0.0,0.0,0.0,0.0,-0.0,0.0,0.0,-0.0,0.20497611137228847,0.04886788239091384,-0.0,-0.0,-0.0
grief,0.0,-0.057643748569559644,0.0768847101492733,-0.10426085606227767,-0.023765876493979425,0.08642257290207002,-0.05350024288415262,0.0,0.0,-0.0,-0.0,0.0,-0.0840076078950193,-0.0,0.06646024381769625,0.0,0.0,0.0,0.03255070300332282,0.0,-0.015173906724931453,0.0,-0.0,0.001190896095144789,0.11577643318154736,0.4827732263145133,0.0,0.0
joy,0.05683947782437105,0.1452308573513296,-0.0,-0.009830994959797074,0.0,0.0,-0.0,-0.0,0.003314908202270603,-0.0,-0.0,-0.0,-0.0,0.3056763818806688,-0.0,0.0,0.0,0.0,0.16946142024291264,-0.0,0.0,0.0,-0.0,0.32664092759462476,-0.0,-0.0,0.0,-0.0
love,0.013265966058830373,0.0,-0.0,-0.02876817141139705,0.0,0.03857489394662597,-0.0,-0.0,0.09223158175697999,-0.0,-0.0,-0.0,-0.0017652178440340544,0.0,-0.0,0.0,0.03255070300332282,0.16946142024291264,0.0,-0.0,0.0,0.0,-0.0,0.0,0.0,0.0,-0.0,-0.0
nervousness,-0.1052791416668434,-0.0,-0.06615459004248946,-0.0,-0.0,0.024641030094565877,0.06211997919489791,-0.0,-0.0,0.10280459683977822,0.0,-0.0,0.046304375203137814,-0.0,0.7236435318724241,-0.0,0.0,-0.0,-0.0,0.0,-0.0,-0.07223487061246812,0.10347363411350266,0.020168026457074623,0.0,0.20456151694354388,0.0,0.0
optimism,0.0,0.0,-0.05785378100304372,-0.0,0.0,0.08143724975133222,-0.0,-0.0,0.48136355561159616,-0.0,-0.0,-0.06075987931624976,-0.0,0.0,0.0,0.0,-0.015173906724931453,0.0,0.0,-0.0,0.0,0.0,0.0,0.008834923007052797,0.0,-0.0,-0.0,-0.0
pride,0.0,0.0,-0.0,-0.0,0.0,0.0,-0.05301959983607092,-0.0,0.007853852092410149,0.0,-0.0,-0.0,0.0,0.0,-0.037762166745192886,0.0,0.0,0.0,0.0,-0.07223487061246812,0.0,0.0,0.0,0.09034695704583098,0.0,-0.0,-0.0,-0.0
realization,-0.0,0.0,-0.1630812531501627,0.0,0.0,-0.0,0.0,-0.0,-0.0,0.0,0.0,-0.0,0.1030052134892269,-0.0,-0.0,-0.0,-0.0,-0.0,-0.0,0.10347363411350266,0.0,0.0,0.0,0.0,0.04679335437551785,0.0,0.0,0.0
relief,0.0,0.0,-0.049198824629225084,-0.06007146603801562,0.0,0.16802136400037987,-0.09822337341873788,-0.053522614997454095,0.062089100644257905,-0.0,-0.0,-0.0005544474915102332,-0.0,0.0,-0.0,0.20497611137228847,0.001190896095144789,0.32664092759462476,0.0,0.020168026457074623,0.008834923007052797,0.09034695704583098,0.0,0.0,0.0,-0.0,-0.0,-0.0
remorse,-0.0,-0.0,-0.040059987597026024,-0.014161200360340232,0.0,0.11892972057881668,-0.0,-0.02069530850098239,0.0,0.0,0.0,-0.0,0.2968487752667908,-0.0,-0.0,0.04886788239091384,0.11577643318154736,-0.0,0.0,0.0,0.0,0.0,0.04679335437551785,0.0,0.0,0.27665780621335817,-0.0,-0.0
sadness,-0.0,-0.0,0.0,0.0,-0.0,0.0,-0.0,-0.0005402561582495113,0.0,0.4952903244631086,0.0,-0.0,0.0,-0.03465069126454566,-0.12805884170403378,-0.0,0.4827732263145133,-0.0,0.0,0.20456151694354388,-0.0,-0.0,0.0,-0.0,0.27665780621335817,0.0,-0.0,-0.0
surprise,0.0,0.0,-0.0,-0.0,-0.0,-0.0,0.0,0.09915813803172543,-0.06108804735960794,-0.0,-0.0,0.0,0.0,0.0,0.0,-0.0,0.0,0.0,-0.0,0.0,-0.0,-0.0,0.0,-0.0,-0.0,-0.0,0.0,0.0
neutral,-0.0,-0.0,-0.0,-0.0,-0.0,-0.0,0.0,0.0,-0.0,-0.0,-0.0,-0.0,-0.0,-0.0,-0.0,-0.0,0.0,-0.0,-0.0,0.0,-0.0,-0.0,0.0,-0.0,-0.0,-0.0,0.0,0.0
